Puesto,Titular,Ciudad,Lugar centro de trabajo,Sueldo Mensual,Creacion,Información de la Vacante:,Link para aplicar a vacante
Técnico instalador de baterías (Oaxaca),Karol,Oaxaca de Juárez,Colonia Reforma en la ciudad de Oaxaca,"$8,500.00",15/1/2025 11:10pm,"Actividades Principales:
Atender al cliente, proporcionar precios de diferentes marcas y tipos de baterías según el modelo y tipo de auto. Instalar las baterías, acomodar la mercancía y cargar las baterías, realizar operaciones aritméticas básicas.

Educación + Experiencia:
- Escolaridad mínima de bachillerato. Haber cursado escuela técnica como mecánico o electromecánico es deseable. 
- Experiencia previa como ayudante de mecánico también es deseable.

Conocimientos:
- Operaciones aritméticas básicas. 
- Uso de calculadora. 
- Manejo de moto para servicios a domicilio con licencia. 
- Sociable, paciente.  
- Buena atención al cliente.

Condiciones de trabajo:
- Sueldo de $8,500.00 mensuales.
- Prestaciones de ley; aguinaldo, vacaciones, prima vacacional y seguridad social.
- Frecuencia de pago semanal
- Horario de Lunes a viernes de 9am a 2pm y de 4pm a 7:30pm y sábados de 9am a 2:30pm. Descanso domingos. 
- Lugar de trabajo en colonia Reforma, Oaxaca.",https://airtable.com/appDTu9Yg5BWAqkxY/shrnPgUF4v5IB8T0D?prefill_Vacantes%20Disponibles=T%C3%A9cnico%20instalador%20de%20bater%C3%ADas%20%28Oaxaca%29&hide_Vacantes%20Disponibles=true
Auxiliar Contable (Oaxaca),Diana,Oaxaca de Juárez,"Colonia Reforma Agraria, Oaxaca","$12,000.00",14/2/2025 12:30pm,"Actividades Principales:
Funciones de contabilidad Comercial y administracion.

Educación + Experiencia:
- Licenciatura en contabilidad
- 1 años de experiencia en contabilidad, y captura de pólizas
- Aplican recien egresados de contaduria con practicas

Conocimientos:
- Contabilidad General.
- Office y ContPaqi.
- Disponibilidad y flexibilidad.

Condiciones de trabajo:
- Sueldo $12,000 Mensual neto
- Prestaciones de ley; Aguinaldo, vacaciones, prima vacacional y seguridad social.
- Periodo de pago: Quincenal
- Horario de trabajo: De lunes a viernes  9:00 a 18:00, 1 hr comida y sábados de 9 am a 2 pm
- Lugar de trabajo: Colonia Reforma Agraria ",https://airtable.com/appDTu9Yg5BWAqkxY/shrnPgUF4v5IB8T0D?prefill_Vacantes%20Disponibles=Auxiliar%20Contable%20%28Oaxaca%29&hide_Vacantes%20Disponibles=true
"Asesor Venta Autos (Cancún, Playa del Carmen, Quintana Roo)",Karol,"Cancún, Quintana Roo","Cancún, Quintana Roo","$30,000.00",25/2/2025 12:18am,"Actividades Principales:
Prospectar y asesorar al cliente para la adquisición de autos nuevos de marcas líderes en el mercado.

Educación + Experiencia:
- Estudios mínimos de preparatoria.
- 1 año de experiencia en ventas de productos como; seguros, afores, refacciones, autos o motos.

Conocimientos:
- Proceso de la venta.
- Prospección y cierre.
- Manejo de objeciones.
- Paquetería Office.

Condiciones de trabajo:
- Ingreso Mensual 30,000 (Promedio)
- Sueldo base mensual $8,364 garantía de 3 meses
- Más comisiones de $14,000 $25,000 en función a productividad. 
- Prestaciones de ley: Aguinaldo, vacaciones, prima vacacional y seguridad social.
- Horario de la jornada laboral: De lunes a sabado de 9am a 7pm, con 2 hrs de comida. Descanso domingos.
- Lugar de trabajo: Playa del Carmen.
",https://airtable.com/appDTu9Yg5BWAqkxY/shrnPgUF4v5IB8T0D?prefill_Vacantes%20Disponibles=Asesor%20Venta%20Autos%20%28Canc%C3%BAn%2C%20Playa%20del%20Carmen%2C%20Quintana%20Roo%29&hide_Vacantes%20Disponibles=true
"Previador Automotriz (Mérida, Yucatán)",Geidy,"Mérida, Yucatán","Colonia Paseos de Chenkú Mérida, Yucatán","$7,500.00",28/3/2025 11:52am,"Actividades Principales:
Realizar la revisión detallada de autos nuevos para asegurar su óptima presentación antes de la entrega al cliente. Revisión general del auto , asegurando cumplir con los estándares de calidad y tiempos de entrega establecidos.

Educación + Experiencia:
- Técnico mecánico (Deseable)
- Experiencia básica en mecánico básica, detallado automotriz y valorará experiencia en trabajos que requieran atención al detalle y servicio al cliente.

Conocimientos:
- Debe saber manejar vehículos con transmisión automática y estándar.
- Deseable contar con licencia de manejo vigente.

Condiciones de trabajo:
- Sueldo $8,364 netos mensuales
- Bonos adicionales por metas de $6,000
- Prestaciones de ley; aguinaldo, vacaciones, prima vacacional y seguridad social.
- Frecuencia de pago quincenal.
- El horario de trabajo es de lunes a viernes de 9:00 a 19:00  2hrs de comida y sábados de 9:00 a 15:00. 
- Lugar de trabajo: Mérida, Yucatán.",https://airtable.com/appDTu9Yg5BWAqkxY/shrnPgUF4v5IB8T0D?prefill_Vacantes%20Disponibles=Previador%20Automotriz%20%28M%C3%A9rida%2C%20Yucat%C3%A1n%29&hide_Vacantes%20Disponibles=true
Gerente Regional de Operaciones - Restaurantes (CDMX),Carlos,Ciudad de México,Ciudad de México,"$80,000.00",16/5/2025 2:17pm,"Gerente Regional de Operaciones (CDMX)
Actividades Principales:
Supervisar el buen funcionamiento administrativo y operativo de 5 unidades de negocio en CDMX y Cuernavaca. Garantizar el cumplimiento de estándares de calidad, servicio, higiene y rentabilidad.

Educación + Experiencia:
- Licenciatura en Administración de Empresas, Turismo, Gastronomía, Ingeniería Industrial o afín.
- Mínimo 5 años de experiencia en posiciones similares en cadenas de casual dining o fast casual.

Conocimientos:
- Dominio de herramientas tecnológicas como Excel, software de punto de venta, y ERP.
- Liderazgo y desarrollo de equipos, gestión de KPIs, y planeación estratégica.

Condiciones de trabajo:
- Sueldo base de $80,000 MXN brutos mensuales 
- Bonos trimestrales por cumplimiento de KPIs.
- Prestaciones superiores a la ley: Aguinaldo, vacaciones, prima vacacional.
- Horario de la jornada laboral: Completa 48 horas semanales de Lunes a Domingo y descanso un día a la semana.
- Lugar de trabajo: Santa Fé, con recorridos constantes en CDMX y Cuernavaca.",https://airtable.com/appDTu9Yg5BWAqkxY/shrnPgUF4v5IB8T0D?prefill_Vacantes%20Disponibles=Gerente%20Regional%20de%20Operaciones%20-%20Restaurantes%20%28CDMX%29&hide_Vacantes%20Disponibles=true
Gerente de Zona Restaurantes (CDMX),Carlos,Ciudad de México,Ciudad de México,"$32,000.00",19/5/2025 6:28pm,"Actividades Principales:
Profesional con experiencia en la gestión operativa y estandarización de procesos para los segmentos de Fast Food, Casual Dining y Fine Dining. Se valorará un historial demostrable en la consolidación de equipos de alto rendimiento enfocados en indicadores clave como ventas, utilidades, reducción de costos, quejas e incremento de clientes.
Es esencial contar con habilidades de liderazgo, manejo de ERP y capacidad comprobada para alcanzar metas financieras, optimizar costos y garantizar la eficiencia operativa through effective team leadership and training.

Educación + Experiencia:
- Licenciatura en Administración de Empresas, Turismo, Gastronomía, Ingeniería Industrial o afín.
- Mínimo 3 años de experiencia en posiciones similares en cadenas de casual dining, fast food, fast casual o fine dining.
- Experiencia en liderazgo de gerentes, apertura y operación de más de 2 unidades de negocio (franquicias o propias), auditorías y mejora continua.
- Experiencia en el manejo de ERPs como Oracle Cloud, Zetus y Micros, así como software de punto de venta.

Conocimientos:
- Dominio de herramientas tecnológicas y ERP (Oracle Cloud, Zetus, Micros).
- Alta capacidad analítica y de gestión de KPIs (rotación, ventas, utilidades, reducción de costos, etc.).
- Enfoque 100% operativo para mejorar significativamente la operación.

Condiciones de trabajo:
- Sueldo mensual de $32,000 + hasta 12,000 brutos por bonos por resultados (vinculado al logro de indicadores de rentabilidad y operación).
- Prestaciones de Ley: Aguinaldo, prima vacacional, vacaciones.
- Prestaciones superiores a la ley: Gastos médicos mayores, seguro de vida.
- Bono por resultados (vinculado al logro de indicadores de rentabilidad y operación) hasta de 12,000 brutos
- Jornada completa de Lunes a Domingo, con un día de descanso semanal y un fin de semana libre al mes.
- Lugar de trabajo: Santa Fé, con recorridos constantes en CDMX.",https://airtable.com/appDTu9Yg5BWAqkxY/shrnPgUF4v5IB8T0D?prefill_Vacantes%20Disponibles=Gerente%20de%20Zona%20Restaurantes%20%28CDMX%29&hide_Vacantes%20Disponibles=true
"Cajero/a (Boca del Río, Veracruz)",Geidy,"Boca del Río, Veracruz","Boca del Río, Veracruz","$11,000.00",6/6/2025 12:56pm,"*Cajera administrativa*
*Actividades Principales*
Controles administrativos básicos como reportes, facturación, captura de movimientos, corte del día, pagos con Terminal bancaria.
*Educación + Experiencia*
Licenciatura en Contabilidad o Administración (titulado o trunco mínimo 4to semestre).
*Conocimientos*
Sistemas y softwares contables, 
Manejo intermedio-avanzado de Excel.
*Condiciones de trabajo*
Sueldo base Mensual $11,000 brutos 
Prestaciones de ley incluidas: aguinaldo, vacaciones, prima vacacional y seguridad social. 
Pagos quincenales.
Capacitación continua, oportunidad de crecimiento.
Horario de trabajo de lunes a viernes de 9:00 am a 7:00 pm y sábados de 9 am a 2 pm 
El lugar de trabajo: Boca del Rio, Veracruz.",https://airtable.com/appDTu9Yg5BWAqkxY/shrnPgUF4v5IB8T0D?prefill_Vacantes%20Disponibles=Cajero%2Fa%20%28Boca%20del%20R%C3%ADo%2C%20Veracruz%29&hide_Vacantes%20Disponibles=true
Auxiliar de Servicios Generales (Oaxaca),Diana,Oaxaca de Juárez,"Colonia Reforma, ciudad de Oaxaca","$9,000.00",19/6/2025 1:30pm,"Actividades Principales:
Responsable limpieza  general y aseo de area comunes de la empresa, así como el traslado y desplazamiento que haya lugar.  

Educación + Experiencia:
- Bachillerato concluido o trunco   
- Mínimo 1 años en actividades similares de aseo y limpieza   

Conocimientos:
- manejo de auto preferentemente. 
- Procesos y metodos de aseo y separación de residuos
- 
Condiciones de Trabajo: 
- Salario: $12,000 nominales mensuales  
- Prestaciones de ley: Aguinaldo, vacaciones, prima vacacional y seguridad social  
- Frecuencia de pago: Quincenal
- Horario: L-V 09:00 a 17:00.
- Modalidad: Presencial  
- Lugar de centro de trabajo: Zona Col. Reforma ciudad de Oaxaca.
",https://airtable.com/appDTu9Yg5BWAqkxY/shrnPgUF4v5IB8T0D?prefill_Vacantes%20Disponibles=Auxiliar%20de%20Servicios%20Generales%20%28Oaxaca%29&hide_Vacantes%20Disponibles=true
"Asesor de Servicio ( Xalapa, Veracruz)",Diana,"Xalapa, Veracruz","Xalapa, Veracruz","$8,364.00",20/6/2025 12:39pm,"Principales funciones:
Recepción de vehículos de los clientes, Ofrecer servicios de mantenimiento de vehículos básico y venta de servicios adicionales, Elaborar orden de trabajo con los requerimientos de los clientes, Revisar y dar seguimiento a inventario de ordenes de servicio para su facturación.

Habilidades y/o conocimientos:
- Conocimientos de paquetería básica (Excel, Word, PPT)
- Análisis de información
- Capacidad multitarea y proactivo
- Trabajo bajo presión

Condiciones de trabajo:
- Sueldo base más bonos aproximado de $11,364 Nominal
- Prestaciones de ley: aguinaldo, vacaciones, prima vacacional 25%, IMSS/Infonavit.
- Capacitación continua, Oportunidad de crecimiento
- Horario de 9 am a 7 pm con 2 hrs de comida, sábados medio día 
- Lugar de trabajo: Xalapa, Veracruz
",https://airtable.com/appDTu9Yg5BWAqkxY/shrnPgUF4v5IB8T0D?prefill_Vacantes%20Disponibles=Asesor%20de%20Servicio%20%28%20Xalapa%2C%20Veracruz%29&hide_Vacantes%20Disponibles=true
"Auxiliar Contable (Mérida, Yucatán)",Diana,"Mérida, Yucatán",Merida Yucatan,"$13,000.00",3/7/2025 4:21pm,"Actividades Principales:
Controles administrativos básicos como reportes , captura de movimientos, corte del día, manejo de cartera de clientes y pagos a proveedores.

Educación + Experiencia:
- Escolaridad mínima  estudios en contabilidad, (licenciatura o técnico)
- 1 año de experiencia como auxiliar contable

Conocimientos:
- Excel básico
- Servicio al cliente
- Trabajo en equipo
- Excel intermedio

Condiciones de trabajo:
- Sueldo Mensual $11,000 brutos más $2,000 bonos.
- Prestaciones de ley: aguinaldo, vacaciones, prima vacacional y seguridad social.
- Periodo de pago quincenal
- Horario de trabajo de Lunes a Viernes de 9:00 am a 7:00 pm, 2 hr de comida y sábado de 9 a 3pm
- Lugar de trabajo: Colonia 27, Mérida, Yucatán.
",https://airtable.com/appDTu9Yg5BWAqkxY/shrnPgUF4v5IB8T0D?prefill_Vacantes%20Disponibles=Auxiliar%20Contable%20%28M%C3%A9rida%2C%20Yucat%C3%A1n%29&hide_Vacantes%20Disponibles=true
Asistente Técnico de Dirección (Mérida),Geidy,"Mérida, Yucatán","Zona Centro, Mérida Yucatán.","$20,000.00",4/7/2025 10:31am,"Actividades Principales:
Reporte de gastos, interpretación de estados financieros y análisis de los mismos. Realización de estadísticas y pronósticos, Analisis de datos e información financiera.

Educación + Experiencia:
- Escolaridad mínima Licenciatura afin a Finanzas, contabilidad o Administración.
- 2 años de experiencia en análisis de datos financieros.

Conocimientos:
- Contabilidad básica.
- Analisis de datos
- Excel intermedio-avanzado, manejo de tablas dinamicas, formulas y 
- Presentación de información financiera.

Condiciones de trabajo:
- Sueldo $20,000 brutos 
- Prestaciones de ley: aguinaldo, vacaciones, prima vacacional y seguridad social.
- Periodo de pago quincenal
- Horario de trabajo es de lunes a viernes de 9:00 am a 7:00 pm. don 2 horas para alimentos. Sábado  de 9:00 am a 3:00 pm. 
- Lugar de trabajo: Col. Parque Industrial, Mérida Yucatán.
",https://airtable.com/appDTu9Yg5BWAqkxY/shrnPgUF4v5IB8T0D?prefill_Vacantes%20Disponibles=Asistente%20T%C3%A9cnico%20de%20Direcci%C3%B3n%20%28M%C3%A9rida%29&hide_Vacantes%20Disponibles=true
Coordinador de Ventas Autos Seminuevos (Veracruz),Geidy,Ciudad de Veracruz,Centro Veracruz,"$36,000.00",8/7/2025 1:27pm,"Actividades Principales:
Liderar y supervisar al equipo de ventas de autos seminuevos. Desarrollar e implementar estrategias de ventas y marketing. Gestionar el inventario y asegurar una presentación adecuada de los vehículos. Coordinar promociones y eventos para incrementar las ventas.

Educación + Experiencia:
- Licenciatura en Administración de Empresas, Mercadotecnia, o carrera afín.
- Mínimo 3 años de experiencia en ventas de autos seminuevos, preferiblemente en puestos directivos o de gerencia.

Conocimientos:
- Estrategias de ventas y marketing en el sector automotriz.
- Gestión de inventario de autos seminuevos.
- Liderazgo y motivación de equipos de ventas.
- Habilidades de comunicación y negociación.
- Resolución de problemas y toma de decisiones.

Condiciones de trabajo:
- Sueldo Mensual $35,000 Bruto
- Comisiones
- Prestaciones de ley incluyendo seguridad social, vacaciones y aguinaldo.
- Horario de trabajo de lunes a viernes de 9:00 am a 7:00 pm con 2 horas para alimentos, y sábados de 9:00 am a 3:00 pm.
- Lugar de trabajo: Centro, Veracruz",https://airtable.com/appDTu9Yg5BWAqkxY/shrnPgUF4v5IB8T0D?prefill_Vacantes%20Disponibles=Coordinador%20de%20Ventas%20Autos%20Seminuevos%20%28Veracruz%29&hide_Vacantes%20Disponibles=true
Previador Automotriz (Cancún),Diana,Oaxaca de Juárez,Oaxaca de Juárez,"$13,300.00",8/7/2025 3:58pm,"Actividades principales:
Mantener las unidades en óptimas condiciones para lograr la satisfacción del cliente al momento de que se le entrega su vehículo; también realizar los traslados de intercambio con otros distribuidores.

Educación + experiencia:
- Gusto por la mecánica
- Saber manejar (automático y estándar)
- Licencia de conducir vigente 
- Conocimientos básicos de herramienta y procesos de mantenimiento automotriz
- Preparatoria concluida

Condiciones laborales:
- Sueldo mensual $13,300 brutos
- Oportunidades de crecimiento
- Horario: Lunes a viernes de 9 am a 7 pm con 2hrs de comida y sábados de 9 am a 3 pm.
- Capacitación continua, oportunidad de crecimiento.
- Lugar de trabajo: Cancún",https://airtable.com/appDTu9Yg5BWAqkxY/shrnPgUF4v5IB8T0D?prefill_Vacantes%20Disponibles=Previador%20Automotriz%20%28Canc%C3%BAn%29&hide_Vacantes%20Disponibles=true
"Coordinador de Ventas (Coatzacoalcos, Veracruz)",Diana,"Coatzacoalcos, Veracruz","Coatzacoalcos, Veracruz","$17,500.00",9/7/2025 4:22pm,"Actividades Principales:
Dirige y supervisa un equipo de asesores de ventas de autos nuevos, coordina actividades mercadotecnia, promociones y gestión de administración de ventas de la sucursal.

Educación + Experiencia:
- Licenciatura en administración ó comercial.
- 2 años de experiencia en  ventas de intangibles, dirigiendo equipos.

Conocimientos:
- Supervisión de personal.
- Ventas y postventa.
- Administración comercial.
- Liderazgo.
- Organización de eventos de activación.
- Relaciones públicas.
- Servicio al cliente.
- Orientado a resultados.

Condiciones de trabajo:
- Sueldo Mensual de $25,000 Brutos.
- Prestaciones de ley: Aguinaldo, vacaciones, prima vacacional, seguridad social y prestaciones ejecutivas.
- Periodo de pago quincenal.
- El horario de trabajo es de lunes a viernes de 9:00 am a 7:00 pm con 2 horas para alimentos, y sábados de 9:00 am a 3:00 pm.
- Lugar de trabajo: Zona Coatzacoalcos, Veracruz.
",https://airtable.com/appDTu9Yg5BWAqkxY/shrnPgUF4v5IB8T0D?prefill_Vacantes%20Disponibles=Coordinador%20de%20Ventas%20%28Coatzacoalcos%2C%20Veracruz%29&hide_Vacantes%20Disponibles=true
Vendedor de Mostrador (Oaxaca),Geidy,Oaxaca de Juárez,centro de la ciudad de Oaxaca.,"$8,000.00",14/7/2025 5:54pm,"Actividades Principales:
Brindar asesoramiento y atención a los clientes en punto de venta responsable  de mostrar al cliente los productos y sus características, dar demostraciones de su uso, asesorar al cliente acerca de cual producto satisface mejor sus necesidades, estar totalmente capacitado e informado acerca de los productos que vende.

Educación + Experiencia:
- Escolaridad mínima de bachillerato. concluido o trunco
- Experiencia de 6 meses en ventas de Mostrador. en medicamentos o articulos medicos

Conocimientos:
- Ventas
- Atención al cliente
- Computación básica
- Facilidad de aprendizaje

Condiciones de trabajo:
- Sueldo Mensual $8,000 netos
- 30 días de aguinaldo
- Vacaciones de ley
- Seguridad Social
- Horarios: 1. 9:00 a 2:00 y 3:30 a 7:00pm
-  2. 10:00 a 3:30 y 5:00 a 8:00pm . Sábados de 9 a 4pm. 
- UN SABADO AL MES de 10:30am a 3pm y 4 a 6:30pm
- Lugar de trabajo: centro de la ciudad de Oaxaca.
",https://airtable.com/appDTu9Yg5BWAqkxY/shrnPgUF4v5IB8T0D?prefill_Vacantes%20Disponibles=Vendedor%20de%20Mostrador%20%28Oaxaca%29&hide_Vacantes%20Disponibles=true
"Coordinador de Procesos y Calidad (Coatzacoalcos, Veracruz)",Karol,"Coatzacoalcos, Veracruz","Coatzacoalcos, Veracruz","$14,265.00",14/7/2025 10:15pm,"Actividades Principales: 
Promover la filosofía de mejora continua en todos los departamentos de la empresa, estudiar y analizar los procedimientos operativos de cada área para implementar mejoras, coordinar y dar seguimiento a procesos internos, elaborar formatos de control y bitácoras, y supervisar la optimización de flujos y tiempos de ciclo en el área de servicio.  

Educación + Experiencia:
- Licenciatura en Ingeniería Industrial, Gestión Empresarial o carrera afín (preferente)  
- 1-2 años en el área de calidad  

Conocimientos Técnicos:
- Conocimientos en procesos  
- Conocimientos de manufactura esbelta  
- Manejo de paquetería básica (Excel, Word, PPT)  

Condiciones de Trabajo:
- Ingreso Mensual: $14,265 brutos mensuales  (Fijo + Bonos)
- Prestaciones de ley: Aguinaldo, vacaciones, prima vacacional del 25%, IMSS/Infonavit  
- Capacitación continua y oportunidad de crecimiento  
- Periodo de pago quincenal
- Horario de trabajo de Lunes a Viernes de 9:00 am a 7:00 pm, 2 hr de comida y Sabado medio dia 
- Lugar de trabajo: Coatzacoalcos, Veracruz
",https://airtable.com/appDTu9Yg5BWAqkxY/shrnPgUF4v5IB8T0D?prefill_Vacantes%20Disponibles=Coordinador%20de%20Procesos%20y%20Calidad%20%28Coatzacoalcos%2C%20Veracruz%29&hide_Vacantes%20Disponibles=true
"Asesor de Ventas Autos Nuevos (Mérida, Yucatán)",Karol,"Mérida, Yucatán","Colonia México, Mérida, Yucatán.","$30,000.00",29/7/2025 1:56pm,"Actividades Principales:
Prospectar y asesorar al cliente para la adquisición de autos nuevos de marcas líderes en el mercado.

Educación + Experiencia:
- Estudios mínimos de preparatoria.
- 1 año de experiencia en ventas de productos como; seguros, afores, refacciones, autos o motos.

Conocimientos:
- Proceso de la venta.
- Prospección y cierre.
- Manejo de objeciones.
- Paquetería Office.

Condiciones de trabajo:
- Ingreso Mensual 30,000 (Promedio)
- Sueldo base mensual $8,364 
- Más comisiones de $14,000 $25,000 en función a productividad. 
- Prestaciones de ley: Aguinaldo, vacaciones, prima vacacional y seguridad social.
- Horario de la jornada laboral: De lunes a sabado de 9am a 2pm y de 4pm a 7pm. Descanso domingos.
- Lugar de trabajo: Mérida, Yucatán.
",https://airtable.com/appDTu9Yg5BWAqkxY/shrnPgUF4v5IB8T0D?prefill_Vacantes%20Disponibles=Asesor%20de%20Ventas%20Autos%20Nuevos%20%28M%C3%A9rida%2C%20Yucat%C3%A1n%29&hide_Vacantes%20Disponibles=true
"Asesor de Venta Autos Nuevos (Coatzacoalcos, Veracruz)",Diana,"Coatzacoalcos, Veracruz","Zona Centro, Veracruz","$18,000.00",29/7/2025 1:59pm,"*Asesor venta de autos*

*Actividades Principales*
Prospectar y asesorar al cliente para la adquisición de autos nuevos de marcas líderes en el mercado.

*Educación + Experiencia*
Mínimo bachillerato concluido 
Licencia de conducir y saber manejar 
1 año de experiencia en ventas de productos como; seguros, afores, refacciones, autos o motos.

*Conocimientos*
Proceso de la venta.
Prospección y cierre.
Manejo de objeciones.
Paquetería Office.
Saber manejar y contar con licencia de conducir vigente

*Condiciones de trabajo*
Sueldo garantía por 3 meses $8,364
Comisiones en función de productividad y venta (NO TOPADAS)
Prestaciones de ley: Aguinaldo, vacaciones, prima vacacional y seguridad social.
Horario de la jornada laboral: De lunes a viernes de 9am a 7pm con 2 hrs de comida, sábados de 9 am a 3 pm.
Ubicación: Veracruz",https://airtable.com/appDTu9Yg5BWAqkxY/shrnPgUF4v5IB8T0D?prefill_Vacantes%20Disponibles=Asesor%20de%20Venta%20Autos%20Nuevos%20%28Coatzacoalcos%2C%20Veracruz%29&hide_Vacantes%20Disponibles=true
"Gerente de Postventa (Mérida, Yucatán)",Geidy,"Mérida, Yucatán","Mérida, Yucatán","$50,000.00",29/7/2025 5:22pm,"Actividades Principales:
Estará encargado de planear, ejecutar y controlar estrategias enfocadas a mejorar los procesos y la atención al cliente con el fin de incrementar el grado de satisfacción de los mismos.

Educación + Experiencia:
- Escolaridad licenciatura 
- 2 años de experiencia en servicio de autos , taller y refacciones

Conocimientos:
- Excel básico
- Servicio al cliente
- Trabajo en equipo

Condiciones de trabajo:
- Ingreso Mensual $20,000 base más bono de $30,000
- Prestaciones de ley: aguinaldo, vacaciones, prima vacacional y seguridad social.
- Periodo de pago quincenal
- Horario de trabajo de Lunes a Viernes de 9:00 am a 7:00 pm, 2 hr de comida y Sabado medio dia 
- Lugar de trabajo: Mérida, Yucatán.",https://airtable.com/appDTu9Yg5BWAqkxY/shrnPgUF4v5IB8T0D?prefill_Vacantes%20Disponibles=Gerente%20de%20Postventa%20%28M%C3%A9rida%2C%20Yucat%C3%A1n%29&hide_Vacantes%20Disponibles=true
"Coordinador Comercial Regional (Torreón, Coahuila)",Marcela,"Torreón, Coahuila ","Torreón, Coahuila","$36,790.00",30/7/2025 2:52pm,"Actividades Principales:
Coordinar la gestión de asesores de crédito automotriz, supervisar el cumplimiento de indicadores de desempeño, implementar estrategias de ventas en el sector automotriz y asegurar la movilidad y presencia en las diferentes sedes asignadas.

Educación + Experiencia:
- Licenciatura en áreas administrativas (preferente)  
- Mínimo 2 años en gestión comercial en el sector automotriz  financiero

Conocimientos Técnicos:
- Manejo de CRM y herramientas BI  
- Excel nivel intermedio  
- Microsoft Office
- Condicir auto estándar ó automático (Licencia vigente)

Condiciones de Trabajo:
- Salario: $36,790 brutos mensuales  
- Comisiones
- Despensa.
- Prestaciones de ley: Aguinaldo, vacaciones, prima vacacional y seguridad social  
- Horario: Lunes a viernes 8:00 a 18:00, sábados 8:00 a 13:00/14:00  
- Modalidad: Híbrida, con alta movilidad Regional (Saltillo, Monterrey, Laguna, Durango)
- Sede: Torreón, Coahuila.",https://airtable.com/appDTu9Yg5BWAqkxY/shrnPgUF4v5IB8T0D?prefill_Vacantes%20Disponibles=Coordinador%20Comercial%20Regional%20%28Torre%C3%B3n%2C%20Coahuila%29&hide_Vacantes%20Disponibles=true
"Asesores de Crédito Automotriz (Monterrey, N.L.)",Marcela,"Monterrey, Nuevo León","Monterrey, Nuevo León","$13,686.00",30/7/2025 2:54pm,"Actividades Principales:
Atender a clientes en agencias automotrices, otorgar créditos individuales, realizar trabajo de campo y cambaceo, así como garantizar el cumplimiento de metas de colocación de crédito.

Educación + Experiencia:
- Carrera profesional o técnica en área económico-administrativa (terminada o trunca)  
- 1-2 años de experiencia en crédito automotriz

Conocimientos Técnicos:
- Técnicas en ventas  
- Atención a clientes  
- Manejo de plataformas digitales y CRM

Condiciones de Trabajo:
- Salario: $13,686  mensuales  (comision garantizada 3 meses)
- Prestaciones de ley: Aguinaldo, vacaciones y seguridad social 
- Despensa. 
- Comisiones del 1.1% sobre meta colocada  sin tope  
- Horario: Lunes a viernes de 8:00 a 18:00 y sábados de 8:00 a 13:00  
- Modalidad: Campo
- Sede Monterrey.",https://airtable.com/appDTu9Yg5BWAqkxY/shrnPgUF4v5IB8T0D?prefill_Vacantes%20Disponibles=Asesores%20de%20Cr%C3%A9dito%20Automotriz%20%28Monterrey%2C%20N.L.%29&hide_Vacantes%20Disponibles=true
Asesores de Crédito Automotriz (Durango),Marcela,"Durango, Durango",Durango,"$13,686.00",6/8/2025 4:17pm,"Actividades Principales:
Atender a clientes en agencias automotrices, otorgar créditos individuales, realizar trabajo de campo y cambaceo, así como garantizar el cumplimiento de metas de colocación de crédito.

Educación + Experiencia:
- Carrera profesional o técnica en área económico-administrativa (terminada o trunca)  
- 1-2 años de experiencia en crédito automotriz

Conocimientos Técnicos:
- Técnicas en ventas  
- Atención a clientes  
- Manejo de plataformas digitales y CRM

Condiciones de Trabajo:
- Salario: $13,686 brutos mensuales  
- Prestaciones de ley: Aguinaldo, vacaciones y seguridad social  
- Comisiones garantizadas y variables sin tope  
- Horario: Lunes a viernes de 8:00 a 18:00 y sábados de 8:00 a 13:00  
- Modalidad: Campo
- Sede: Ciudad de Durango.",https://airtable.com/appDTu9Yg5BWAqkxY/shrnPgUF4v5IB8T0D?prefill_Vacantes%20Disponibles=Asesores%20de%20Cr%C3%A9dito%20Automotriz%20%28Durango%29&hide_Vacantes%20Disponibles=true
"Asesores de Crédito Automotriz (Torreón, Coahuila)",Marcela,"Torreón, Coahuila ","Torreón, Coahuila","$13,686.00",6/8/2025 4:20pm,"Actividades Principales:
Atender a clientes en agencias automotrices, otorgar créditos individuales, realizar trabajo de campo y cambaceo, así como garantizar el cumplimiento de metas de colocación de crédito.

Educación + Experiencia:
- Carrera profesional o técnica en área económico-administrativa (terminada o trunca)  
- 1-2 años de experiencia en crédito automotriz

Conocimientos Técnicos:
- Técnicas en ventas  
- Atención a clientes  
- Manejo de plataformas digitales y CRM

Condiciones de Trabajo:
- Salario: $30,000 (Sueldo más comisiones)
- Prestaciones de ley: Aguinaldo, vacaciones y seguridad social  
- Comisiones garantizadas y variables sin tope  
- Horario: Lunes a viernes de 8:00 a 18:00 y sábados de 8:00 a 13:00  
- Modalidad: Campo
- Sede Torreón, Torreón, Coahuila).",https://airtable.com/appDTu9Yg5BWAqkxY/shrnPgUF4v5IB8T0D?prefill_Vacantes%20Disponibles=Asesores%20de%20Cr%C3%A9dito%20Automotriz%20%28Torre%C3%B3n%2C%20Coahuila%29&hide_Vacantes%20Disponibles=true
"Asesores de Crédito Automotriz (Saltillo, Coahuila)",Marcela,"Saltillo, Coahuila","Saltillo, Coahuila","$13,686.00",6/8/2025 4:23pm,"Actividades Principales:
Atender a clientes en agencias automotrices, otorgar créditos individuales, realizar trabajo de campo y cambaceo, así como garantizar el cumplimiento de metas de colocación de crédito.

Educación + Experiencia:
- Carrera profesional o técnica en área económico-administrativa (terminada o trunca)  
- 1-2 años de experiencia en crédito automotriz

Conocimientos Técnicos:
- Técnicas en ventas  
- Atención a clientes  
- Manejo de plataformas digitales y CRM

Condiciones de Trabajo:
- Salario: $13,686 brutos mensuales  
- Prestaciones de ley: Aguinaldo, vacaciones y seguridad social  
- Comisiones garantizadas y variables sin tope  
- Horario: Lunes a viernes de 8:00 a 18:00 y sábados de 8:00 a 13:00  
- Modalidad: Campo
- Sede: Saltillo, Coahuila",https://airtable.com/appDTu9Yg5BWAqkxY/shrnPgUF4v5IB8T0D?prefill_Vacantes%20Disponibles=Asesores%20de%20Cr%C3%A9dito%20Automotriz%20%28Saltillo%2C%20Coahuila%29&hide_Vacantes%20Disponibles=true
"Gerente de Seguridad, Calidad y Medio Ambiente (Monterrey)",Marcela,"Monterrey, Nuevo León","Monterrey, Nuevo León","$70,000.00",8/8/2025 12:26am,"Actividades Principales:
Planificar, organizar y aplicar políticas y programas de salud y seguridad en oficinas y proyectos de construcción. Establecer directrices y elaborar procedimientos en Calidad, Seguridad, Salud Ocupacional y Medio Ambiente. Analizar resultados globales del SGI y definir mejoras. Coordinar con departamentos para apoyar y auditar procesos. Elaborar propuestas técnicas para incorporar prácticas de seguridad. Identificar y mitigar riesgos de seguridad laboral.

Educación + Experiencia:
- Licenciatura en Ingeniería, Seguridad, o áreas afines.
- Experiencia en seguridad industrial en proyectos de construcción HVAC y gestión de calidad (QAQC).
- 
Conocimientos:
- Normativas nacionales e internacionales de seguridad y calidad. 
- Inglés 70% avanzado
- Microsoft 365.

Condiciones de trabajo:
- Sueldo mensual $50,000 a $70,000 
- Prestaciones de ley.
- Seguro de vida y gastos médicos mayores individual
- Fondo de ahorro 7% (topado a 2,300)
- Vales de despensa 13% (Topado a 2,800)
- Frecuencia de pago quincenal.
- Jornada laboral de 8:00 a 18:00. 50% del tiempo en oficina y 50% en proyectos. 
- Disponibilidad para viajar hasta 50% del tiempo. 
- Lugar de trabajo: Monterrey, Nuevo León.
",https://airtable.com/appDTu9Yg5BWAqkxY/shrnPgUF4v5IB8T0D?prefill_Vacantes%20Disponibles=Gerente%20de%20Seguridad%2C%20Calidad%20y%20Medio%20Ambiente%20%28Monterrey%29&hide_Vacantes%20Disponibles=true
Gerente de Operaciones Obra HVAC (Monterrey),Marcela,"Monterrey, Nuevo León","Monterrey, Nuevo León","$120,000.00",8/8/2025 12:28am,"Actividades Principales:
Coordinar y supervisar las operaciones de obras HVAC, asegurando el cumplimiento de los estándares de calidad y seguridad, además de gestionar eficientemente los recursos humanos y materiales.

Educación + Experiencia:
- Licenciatura en Ingeniería Mecánica, Eléctrica o afín.
- Experiencia mínima de 5 años en roles de Dirección ó Gerencia SR en proyectos de HVAC.

Conocimientos:
- Gestión de proyectos de HVAC.
- Normas de seguridad y calidad en la industria.
- Manejo avanzado de paquetería Office y software de gestión de proyectos.

Condiciones de trabajo:
- Sueldo Mensual: $120,000 MXN.
- Prestaciones de ley.
- Seguro de vida y gastos médicos mayores individual
- Fondo de ahorro 7% (Topado)
- Vales de despensa 13% (Topado)
- Frecuencia de pago quincenal.
- Jornada laboral de 8:00 a 18:00. L-V
- Disponibilidad para viajar.
- Lugar de trabajo: Monterrey, Nuevo León.

",https://airtable.com/appDTu9Yg5BWAqkxY/shrnPgUF4v5IB8T0D?prefill_Vacantes%20Disponibles=Gerente%20de%20Operaciones%20Obra%20HVAC%20%28Monterrey%29&hide_Vacantes%20Disponibles=true
Encargado de mantenimiento (Oaxaca),Diana,Oaxaca de Juárez,Centro histórico en la ciudad de Oaxaca,"$12,000.00",12/8/2025 12:29pm,"Actividades Principales:
Realiza tareas de mantenimiento menor a instalaciones a inmueble destinado al hospedaje temporal.

Educación + Experiencia:
- Escolaridad mínima Bachillerato
- 2 años de experiencia en tareas de mantenimiento residencial.

Conocimientos:
- Operaciones aritméticas básicas
- Orden y limpieza
- Uso de herramienta
- Electricidad, plomería, pintura, etc

Condiciones de trabajo:
- Sueldo Mensual $13,000 neto
- Bono de puntualidad y asistencia 1,000 mensual
- Periodo de pago quincenal
- disponibilidad para moverse de cede(Cuilapan, Reforma, Centro)
- Horario de 9 a 6pm de Lunes a Sabado , 1 hr de comida. 
- Lugar de trabajo: Col. reforma  en la ciudad de Oaxaca
",https://airtable.com/appDTu9Yg5BWAqkxY/shrnPgUF4v5IB8T0D?prefill_Vacantes%20Disponibles=Encargado%20de%20mantenimiento%20%28Oaxaca%29&hide_Vacantes%20Disponibles=true
Secretaria (Oaxaca),Geidy,Oaxaca de Juárez,"Centro histórico, Oaxaca","$9,000.00",15/8/2025 2:17pm,"Actividades Principales:  
Atender y gestionar el mostrador, brindar apoyo en funciones administrativas básicas, mantener el archivo de documentos y coordinar la comunicación interna y externa de la oficina.

Educación + Experiencia:  
- Formación como secretaria (indispensable)  
- Poca experiencia en el área es aceptable

Conocimientos Técnicos:  
- Manejo de herramientas de oficina  
- Conocimientos básicos de administración  
- Buena comunicación escrita y verbal

Condiciones de Trabajo:  
- Salario: $10,000 brutos mensuales  
- Prestaciones de ley: Aguinaldo, vacaciones, prima vacacional y seguridad social  
- Horario: L-V de 10:00 a 15:30 y 17:00 a 20:00
         Sábados de 9:00 a 16:00
         1 sábado al mes: 10:30 a 15:00 y 16:00 a 18:30
- Modalidad: Presencial
- Lugar de trabajo: Centro histórico, Oaxaca",https://airtable.com/appDTu9Yg5BWAqkxY/shrnPgUF4v5IB8T0D?prefill_Vacantes%20Disponibles=Secretaria%20%28Oaxaca%29&hide_Vacantes%20Disponibles=true
"Asesor de Servicio (Xalapa, Veracruz)",Diana,"Xalapa, Veracruz","Veracruz, Veracruz","$11,364.00",15/8/2025 4:38pm,"Principales funciones:
Recepción de vehículos de los clientes, Ofrecer servicios de mantenimiento de vehículos básico y venta de servicios adicionales, Elaborar orden de trabajo con los requerimientos de los clientes, Revisar y dar seguimiento a inventario de ordenes de servicio para su facturación.

Habilidades y/o conocimientos:
- Conocimientos de paquetería básica (Excel, Word, PPT)
- Análisis de información
- Capacidad multitarea y proactivo
- Trabajo bajo presión

Condiciones de trabajo:
- Sueldo base más bonos aproximado de $11,364 Nominal
- Prestaciones de ley: aguinaldo, vacaciones, prima vacacional 25%, IMSS/Infonavit.
- Capacitación continua, Oportunidad de crecimiento
- Horario de 9 am a 7 pm con 2 hrs de comida, sábados medio día 
- Lugar de trabajo: Xalapa, Veracruz.",https://airtable.com/appDTu9Yg5BWAqkxY/shrnPgUF4v5IB8T0D?prefill_Vacantes%20Disponibles=Asesor%20de%20Servicio%20%28Xalapa%2C%20Veracruz%29&hide_Vacantes%20Disponibles=true
"Prefiltro  (Xalapa, Veracruz)",Geidy,"Xalapa, Veracruz","Xalapa, Veracruz","$15,000.00",15/8/2025 4:52pm,"Actividades Principales:
Atención de llamadas entrantes y seguimiento a registro de leads.  Interacción con clientes a través de Whatsapp y redes sociales.  Actualización de inventarios, listas de precios y promociones. Soporte a supervisor en diferentes actividades de prospección y marketing digital.

Educación + Experiencia:
- Bachillerato o licenciatura en administración, diseño gráfico, comunicación o afín.
- Experiencia mínima de 1 año en ventas y prospección de clientes.

Conocimientos:
- Social media marketing y manejo de redes sociales (Facebook, Instagram, YouTube).
- Interacción con usuarios en redes sociales.
- Manejo de indicadores y reportes de desempeño.

Condiciones de trabajo:
- Sueldo base y variable de $14,000 mensuales.
- Prestaciones de ley incluidas: aguinaldo, vacaciones, prima vacacional y seguridad social. 
- Pagos quincenales.
- Capacitación continua, oportunidad de crecimiento.
- Horario de trabajo de lunes a sábado de 9:00 am a 7:00 pm. 
- El lugar de trabajo: Xalapa, Veracruz.",https://airtable.com/appDTu9Yg5BWAqkxY/shrnPgUF4v5IB8T0D?prefill_Vacantes%20Disponibles=Prefiltro%20%20%28Xalapa%2C%20Veracruz%29&hide_Vacantes%20Disponibles=true
"Asesor de Venta Autos Nuevos (Xalapa, Veracruz)",Diana,"Xalapa, Veracruz","Xalapa, Veracruz","$30,000.00",15/8/2025 4:54pm,"*Asesor venta de autos*

*Actividades Principales*
Prospectar y asesorar al cliente para la adquisición de autos nuevos de marcas líderes en el mercado.

*Educación + Experiencia*
Mínimo bachillerato concluido 
Licencia de conducir y saber manejar 
1 año de experiencia en ventas de productos como; seguros, afores, refacciones, autos o motos.

*Conocimientos*
Proceso de la venta.
Prospección y cierre.
Manejo de objeciones.
Paquetería Office.
Saber manejar y contar con licencia de conducir vigente

*Condiciones de trabajo*
Sueldo garantía por 3 meses $8,364
Comisiones en función de productividad y venta (NO TOPADAS)
Prestaciones de ley: Aguinaldo, vacaciones, prima vacacional y seguridad social.
Horario de la jornada laboral: De lunes a viernes de 9am a 7pm con 2 hrs de comida, sábados de 9 am a 3 pm.
Ubicación: Xalapa, Veracruz",https://airtable.com/appDTu9Yg5BWAqkxY/shrnPgUF4v5IB8T0D?prefill_Vacantes%20Disponibles=Asesor%20de%20Venta%20Autos%20Nuevos%20%28Xalapa%2C%20Veracruz%29&hide_Vacantes%20Disponibles=true
"Administrativo de Ventas (Xalapa, Veracruz)",Geidy,"Xalapa, Veracruz","Xalapa, Veracruz","$13,865.00",15/8/2025 5:42pm,"Actividades Principales:
El Administrativo de Ventas será responsable de la facturación de unidades, reporte de inventario, traslados, seguimiento y acomodo de unidades en piso.

Educación + Experiencia:
- Estudios mínimos de licenciatura administrativa, industrial.
- 1 a 2 años de experiencia en puestos similares como analista o auxiliar administrativo.

Conocimientos:
- Manejo de procesos de facturación.
- Reporte de inventario.
- Seguimiento de unidades.
- Conocimientos básicos de acomodo de inventario.
- Excel básico.

Condiciones de trabajo:
- Sueldo $8,364 brutos más bono de $5,,000 mensual
- Prestaciones de ley: aguinaldo, vacaciones, prima vacacional y seguridad social.
- Periodo de pago quincenal
- Horario de trabajo es de lunes de 9:00 am a 7:00 pm. don 2 horas para alimentos. Sábado  de 9:00 am a 3:00 pm. 
- Lugar de trabajo: Xalapa, Veracruz",https://airtable.com/appDTu9Yg5BWAqkxY/shrnPgUF4v5IB8T0D?prefill_Vacantes%20Disponibles=Administrativo%20de%20Ventas%20%28Xalapa%2C%20Veracruz%29&hide_Vacantes%20Disponibles=true
"Auxiliar de Refacciones (Xalapa, Veracruz)",Carlos,"Mérida, Yucatán","Xalapa, Veracruz","$11,635.00",15/8/2025 5:45pm,"Actividades Principales:
El Auxiliar de Almacén será responsable de realizar actividades relacionadas con la recepción, almacenamiento y distribución de piezas y productos dentro de la agencia automotriz. Su trabajo contribuirá a mantener la eficiencia operativa y la satisfacción del cliente.

Educación + Experiencia:
- Secundaria o preparatoria concluida.
- Mínimo 1 año en posiciones similares, preferentemente en el sector automotriz.

Conocimientos:
- Manejo de inventarios, 
- Procesos de recepción y entrega de mercancías, 
- Uso de sistemas de gestión de inventarios.

Condiciones de Trabajo:
- Salario mensual de 8,364 pesos
- Bonos de hasta $3,000 pesos mensuales
- Prestaciones de ley incluidas: aguinaldo, vacaciones, prima vacacional y seguridad social. 
- Horario de trabajo de lunes a sábado de 9:00 am a 7:00 pm. 
- El lugar de trabajo: Xalapa, Veracruz
",https://airtable.com/appDTu9Yg5BWAqkxY/shrnPgUF4v5IB8T0D?prefill_Vacantes%20Disponibles=Auxiliar%20de%20Refacciones%20%28Xalapa%2C%20Veracruz%29&hide_Vacantes%20Disponibles=true
"Asesor Venta Autos (Cancún, Quintana Roo)",Karol,"Cancún, Quintana Roo","Cancún, Quintana Roo","$30,000.00",16/8/2025 12:01pm,"Actividades Principales:
Prospectar y asesorar al cliente para la adquisición de autos nuevos de marcas líderes en el mercado.

Educación + Experiencia:
- Estudios mínimos de preparatoria.
- 1 año de experiencia en ventas de productos como; seguros, afores, refacciones, autos o motos.

Conocimientos:
- Proceso de la venta.
- Prospección y cierre.
- Manejo de objeciones.
- Paquetería Office.

Condiciones de trabajo:
- Ingreso Mensual 30,000 (Promedio)
- Sueldo base mensual $8,364
- Más comisiones de $14,000 $25,000 en función a productividad. 
- Prestaciones de ley: Aguinaldo, vacaciones, prima vacacional y seguridad social.
- Horario de la jornada laboral: De lunes a sabado de 9am a 2pm y de 4pm a 7pm. Descanso domingos.
- Lugar de trabajo: Cancún, Quintana Roo.",https://airtable.com/appDTu9Yg5BWAqkxY/shrnPgUF4v5IB8T0D?prefill_Vacantes%20Disponibles=Asesor%20Venta%20Autos%20%28Canc%C3%BAn%2C%20Quintana%20Roo%29&hide_Vacantes%20Disponibles=true
Front desk / Concierge (Oaxaca),Geidy,Oaxaca de Juárez,"Oaxaca de Juárez, Oaxaca","$13,400.00",20/8/2025 11:02am,"Front Desk del Turno Vespertino
Actividades Principales:
Responsable de la atención de la recepción durante el turno vespertino. Atención a huéspedes (check in, check out), Ayudar y facilitar los servicios, reservaciones y necesidades que el huésped tenga durante toda su estancia, previo y posterior a la misma. Atender las solicitudes de reservaciones que lleguen durante su turno. Realizar la facturación e ingresos en el sistema hotelera requeridos durante su turno. Entregar habitaciones.

Educación + Experiencia:
- Licenciatura en turismo o afin.
- 1 años de experiencia en atención a cliente (Recepción de hotel)

Conocimientos:
- 80% Inglés escrito y hablado a un nivel avanzado.
- Paquetería Office – Excel a nivel avanzado.
- Software hotelero (preferentemente).
- Habilidad númerica.
- Habilidades con el equipo de computo, perifericos, extensiones telefónicas.
- Gran capacidad comunicativa, incluyendo lenguaje claro y actitud profesional al teléfono y en persona.
- Ser capaz de mantenerse tranquilo y cortés, pero firme bajo presión.

Otras habilidades:
- Amable y Hospitalario
- Asertivo.
- Atención al cliente.
- Organización

Condiciones de trabajo:
- Sueldo Mensual $12,500 a $13,400 Netos
- Prestaciones de ley: 15 días de aguinaldo prima vacacional del 25%. 
- Periodo de pago: Quincenal.
- Lugar de Trabajo: Centro Histórico, Oaxaca
- Horario rotativo:	 De 7 hrs a 15 hrs y de 15 hrs a 23 hrs.
",https://airtable.com/appDTu9Yg5BWAqkxY/shrnPgUF4v5IB8T0D?prefill_Vacantes%20Disponibles=Front%20desk%20%2F%20Concierge%20%28Oaxaca%29&hide_Vacantes%20Disponibles=true
Chofer de Reparto (Oaxaca),Geidy,Oaxaca de Juárez,"Oaxaca de Juárez, Oaxaca","$10,000.00",28/8/2025 5:15pm,"*ACTIVIDADES PRINCIPALES*
Transportar y entregar una variedad de artículos médicos, incluyendo equipos, reactivos, mobiliario hospitalario, instrumental médico, productos para laboratorio clínico, batas de laboratorio, y más

*REQUISITOS*
Experiencia minima de 1 año en puestos similares 
Licencia de conducir vigente  
Conocimiento de la ciudad 
*CONDICIONES LABORALES*
Sueldo: 10,000 netos al mes 
Prestaciones de ley: aguinaldo, seguro social, vacaciones, prima vacacional 
Horario: Lunes a viernes de 9 am a 7 pm con una hora y media de comida 
sábado de 9am  a 4pm y un sábado salen a las 7 ",https://airtable.com/appDTu9Yg5BWAqkxY/shrnPgUF4v5IB8T0D?prefill_Vacantes%20Disponibles=Chofer%20de%20Reparto%20%28Oaxaca%29&hide_Vacantes%20Disponibles=true
"Gerente General Agencia Automotriz (Boca del Río, Veracruz)",Geidy,"Boca del Río, Veracruz","Boca del Río, Veracruz","$70,000.00",28/8/2025 11:54pm,"Actividades Principales:
Elaborar la estrategia comercial de ventas, implementar y analizar los resultados de las acciones comerciales locales, dar seguimiento diario a la cifra de negocio, establecer un plan de acción para elevar la venta y alcanzar los objetivos propuestos en el plan de negocios. 

Educación + Experiencia:
- Licenciatura en área Administrativa o equivalente (titulado)  
- 3 años de experiencia en puesto similar en el ramo automotriz

Conocimientos Técnicos:
- Técnicas de venta y mercadotecnia  
- Manejo de CRM  
- Dominio de sistemas Office

Condiciones de Trabajo:
- Ingresos: $80,000 brutos (incluye sueldo base + comisiones)
- Prestaciones de ley: Aguinaldo, vacaciones, prima vacacional 25%, IMSS/Infonavit.
- Frecuencia de pago quincenal
- Horario: L-V 9:00 a 7:00 pm con 2 horas de comida, Sábados de 9 am a 3 pm 
- Modalidad: Presencial zona comercial en Boca del Río, Veracruz",https://airtable.com/appDTu9Yg5BWAqkxY/shrnPgUF4v5IB8T0D?prefill_Vacantes%20Disponibles=Gerente%20General%20Agencia%20Automotriz%20%28Boca%20del%20R%C3%ADo%2C%20Veracruz%29&hide_Vacantes%20Disponibles=true
"Gerente de Postventa (Boca del Río, Veracruz)",Diana,"Boca del Río, Veracruz","Boca el Río, Veracruz","$40,000.00",29/8/2025 12:03am,"Actividades Principales:
Estará encargado de planear, ejecutar y controlar estrategias enfocadas a mejorar los procesos y la atención al cliente con el fin de incrementar el grado de satisfacción de los mismos.

Educación + Experiencia:
- Escolaridad licenciatura 
- 3 años de experiencia en gerencia y servicio de autos

Conocimientos:
- Excel básico
- Servicio al cliente
- Trabajo en equipo
- Proceso comercial
- Liderazgo
- Habilidades comerciales

Condiciones de trabajo:
- Ingreso Mensual $35,000 (Base más comisiones)
- Prestaciones de ley: aguinaldo, vacaciones, prima vacacional y seguridad social.
- Periodo de pago quincenal
- Horario de trabajo de Lunes a Viernes de 9:00 am a 7:00 pm, 2 hr de comida y Sabado medio dia 
- Lugar de trabajo: Boca del Río, Veracruz
",https://airtable.com/appDTu9Yg5BWAqkxY/shrnPgUF4v5IB8T0D?prefill_Vacantes%20Disponibles=Gerente%20de%20Postventa%20%28Boca%20del%20R%C3%ADo%2C%20Veracruz%29&hide_Vacantes%20Disponibles=true
"Prefiltro (Mérida, Yucatán)",Geidy,"Mérida, Yucatán","Mérida, Yucatán","$17,000.00",1/9/2025 11:42am,"Actividades Principales:
Identifica y recopila información de leads potenciales a través de diversas fuentes como redes sociales, bases de datos, formularios en línea y eventos. Analizar y evalúa el potencial de conversión de cada lead.

Educación + Experiencia:
- Licenciatura en Marketing, Administración de Empresas, o campo relacionado.
- Experiencia mínima de 2 años en funciones similares, preferiblemente en la industria automotriz.

Conocimientos:
- Técnicas de investigación de mercado y análisis de datos.
- Plataformas de CRM para la gestión de leads.
- Comunicación escrita y verbal.
- Office
- Servicio al cliente

Condiciones de Trabajo:
- Ingresos mensuales de l $17,000 pesos (Sueldo base $8364.00  + Bono)
- La frecuencia de pago es quincenal.
- Prestaciones: aguinaldo, prima vacacional y seguridad social, conforme a la ley. 
- Horario de trabajo es de lunes a viernes de 9:00 am a 7:00 pm. Con 2 horas para alimentos. Sábado  de 9:00 am a 3:00 pm. 
- Lugar de trabajo: Colonia Lindavista, Mérida, Yucatán.
",https://airtable.com/appDTu9Yg5BWAqkxY/shrnPgUF4v5IB8T0D?prefill_Vacantes%20Disponibles=Prefiltro%20%28M%C3%A9rida%2C%20Yucat%C3%A1n%29&hide_Vacantes%20Disponibles=true
"Encargado de Refacciones (Mérida, Yucatán)",Karol,"Mérida, Yucatán",Ciudad de Mérida,"$14,364.00",2/9/2025 4:57pm,"Actividades Principales:
Coordinar y supervisar el control de refacciones, asegurando la disponibilidad y el stock adecuado, así como la correcta organización del almacén y el suministro oportuno de piezas para las operaciones del taller.

Educación + Experiencia:
- Bachillerato concluido o carrera técnica en Mecánica Automotriz,  Administración o áreas afines.
- 2 años de experiencia en un puesto similar dentro del sector automotriz, preferiblemente en agencias de autos nuevos.

Conocimientos:
- Conocimiento técnico de refacciones y componentes automotrices, 
- Gestión eficiente de inventarios, 
- Habilidades organizativas, 
- Manejo de software de gestión de inventarios y atención al cliente.

Condiciones de trabajo:
- Ingreso mensual de $16,364.00 (Sueldo base más bonos)
- Prestaciones de ley: aguinaldo, vacaciones, prima vacacional y seguridad social.
- Periodo de pago quincenal
- Horario de trabajo de Lunes a Viernes de 9:00 am a 7:00 pm, 2 hr de comida y sábado de 9 a 3pm
- Lugar de trabajo: Mérida, Yucatán.",https://airtable.com/appDTu9Yg5BWAqkxY/shrnPgUF4v5IB8T0D?prefill_Vacantes%20Disponibles=Encargado%20de%20Refacciones%20%28M%C3%A9rida%2C%20Yucat%C3%A1n%29&hide_Vacantes%20Disponibles=true
"Auxiliar Administrativo (Mérida, Yucatán)",Diana,"Mérida, Yucatán",Merida Yucatan,"$13,000.00",2/9/2025 5:01pm,"Actividades Principales:
Controles administrativos básicos como reportes , captura de movimientos, corte del día, manejo de cartera de clientes y pagos a proveedores.

Educación + Experiencia:
- Escolaridad mínima  estudios en administración, (licenciatura o técnico)
- 1 año de experiencia como auxiliar contable

Conocimientos:
- Excel básico
- Servicio al cliente
- Trabajo en equipo
- Excel intermedio

Condiciones de trabajo:
- Sueldo Mensual $10,000 brutos más $2,000 bonos.
- Prestaciones de ley: aguinaldo, vacaciones, prima vacacional y seguridad social.
- Periodo de pago quincenal
- Horario de trabajo de Lunes a Viernes de 9:00 am a 7:00 pm, 2 hr de comida y sábado de 9 a 3pm
- Lugar de trabajo: Colonia 27, Mérida, Yucatán.
",https://airtable.com/appDTu9Yg5BWAqkxY/shrnPgUF4v5IB8T0D?prefill_Vacantes%20Disponibles=Auxiliar%20Administrativo%20%28M%C3%A9rida%2C%20Yucat%C3%A1n%29&hide_Vacantes%20Disponibles=true
Key Account Manager (Monterrey),Carlos,"Monterrey, Nuevo León","Monterrey, Nuevo León","$25,000.00",3/9/2025 12:47pm,"Actividades Principales:
Gestionar cuentas clave de la empresa, fortaleciendo relaciones comerciales, incrementando ingresos, impulsando la lealtad del cliente y diferenciándose de la competencia. Dirigir un equipo, cumplir con metas de ingresos y márgenes, y realizar visitas a campo y ventas en frío.

Educación + Experiencia:
- Licenciatura en Ingeniería Mecánica, Industrial, Mecatrónica, o afín. 
- Experiencia mínima de 3 años en ventas equipos y herramientas elecéctricas para la industria.
- Manejo de catálogos de productos industriales.

Conocimientos:
- Control Industrial, 
- Drives, 
- Automatización, 
- Control de Movimiento, 
- Iluminación, 
- Distribución eléctrica, 
- Equipos de medición, 
- Neumática, 
- Trasmisión de potencia, 
- Compresores, 
- Manejo de materiales, herramientas eléctricas, etc.

Condiciones de trabajo:
- Salario base de $23,000 libres.
- Ingresos totales hasta $80,000 Mensuales.
- Prestaciones de ley; aguinaldo, vacaciones, prima vacacional, seguridad social.
- Apoyo para gastos de auto ó auto utilitario.
- Horario de la jornada laboral: De lunes a viernes de 8:30 a 5:30 pm 
- Lugar de trabajo: Av. Fundadores en Monterrey, Nuevo León.",https://airtable.com/appDTu9Yg5BWAqkxY/shrnPgUF4v5IB8T0D?prefill_Vacantes%20Disponibles=Key%20Account%20Manager%20%28Monterrey%29&hide_Vacantes%20Disponibles=true
Asesor de Venta Autos Nuevos (Veracruz),Diana,Ciudad de Veracruz,"Zona Centro, Veracruz","$18,000.00",3/9/2025 12:50pm,"Actividades Principales
Prospectar y asesorar al cliente para la adquisición de autos nuevos de marcas líderes en el mercado.

Educación + Experiencia
- Bachillerato concluido.
- 1 año de experiencia en ventas de productos como: seguros, afores, refacciones, autos o motos.

Conocimientos
- Proceso de la venta.
- Prospección y cierre.
- Manejo de objeciones.
- Paquetería Office.
- Saber manejar y contar con licencia de conducir vigente.

Condiciones de trabajo
- Sueldo garantía por 3 meses: $8,364.
- Comisiones en función de productividad y venta (NO TOPADAS).
- Prestaciones de ley: Aguinaldo, vacaciones, prima vacacional y seguridad social.
- Horario de la jornada laboral: De lunes a viernes de 9 a.m. a 7 p.m. con 2 hrs de comida, sábados de 9 a.m. a 3 p.m.
- Ubicación: Zona centro Veracruz.",https://airtable.com/appDTu9Yg5BWAqkxY/shrnPgUF4v5IB8T0D?prefill_Vacantes%20Disponibles=Asesor%20de%20Venta%20Autos%20Nuevos%20%28Veracruz%29&hide_Vacantes%20Disponibles=true
Coordinador de recaudación de Fondos (Oaxaca),Geidy,Oaxaca de Juárez,Centro de Oaxaca de Juárez,"$27,000.00",3/9/2025 4:28pm,"Actividades Principales:
Establecer estrategias de relaciones públicas con diferentes organizaciones privadas y públicas para el fondeo de recursos conforme a los lineamientos y marco legal de la entidad.

Educación + Experiencia:
- Escolaridad mínima nivel licenciatura en Economía, Relaciones Internacionales o afín (Maestría deseable)
- 3 años de experiencia en relaciones públicas orientadas a la gestión de fondos para ONG´S.

Conocimientos:
- Recaudación de Fondos o donativos altruistas.
- Manejo de indicadores.
- Manejo de medios digitales de recaudación.
- Relaciones publicas
- Ingles avanzado hablado y escrito.
- Habilidades administrativas y herramientas.
- Paquetería office
- Licencia de manejo

Condiciones de trabajo:
- Prestaciones de ley; aguinaldo, vacaciones y prima vacacional.
- Paquete de prestaciones ejecutivas.
- Horario de labores: De 9am a 5pm de lunes a viernes.
- Lugar de trabajo: Zona Centro de Oaxaca de Juárez.
",https://airtable.com/appDTu9Yg5BWAqkxY/shrnPgUF4v5IB8T0D?prefill_Vacantes%20Disponibles=Coordinador%20de%20recaudaci%C3%B3n%20de%20Fondos%20%28Oaxaca%29&hide_Vacantes%20Disponibles=true
"Asesor Venta Autos Premium (Cancún, Quintana Roo)",Karol,"Cancún, Quintana Roo","Cancún, Quintana Roo","$40,000.00",4/9/2025 12:25pm,"Actividades Principales:
Prospectar y asesorar al cliente para la adquisición de autos nuevos de marcas Premium líderes en el mercado.

Educación + Experiencia:
- Estudios mínimos de preparatoria.
- 1 año de experiencia en ventas de productos como; seguros, afores, refacciones, autos o motos.

Conocimientos:
- Proceso de la venta.
- Prospección y cierre.
- Manejo de objeciones.
- Paquetería Office.

Condiciones de trabajo:
- Ingreso Mensual 40,000 (Promedio)
- Sueldo base mensual $8,364
- Más comisiones de $14,000 $25,000 en función a productividad. 
- Prestaciones de ley: Aguinaldo, vacaciones, prima vacacional y seguridad social.
- Horario de la jornada laboral: De lunes a sabado de 9am a 2pm y de 4pm a 7pm. Descanso domingos.
- Lugar de trabajo: Cancún, Quintana Roo.",https://airtable.com/appDTu9Yg5BWAqkxY/shrnPgUF4v5IB8T0D?prefill_Vacantes%20Disponibles=Asesor%20Venta%20Autos%20Premium%20%28Canc%C3%BAn%2C%20Quintana%20Roo%29&hide_Vacantes%20Disponibles=true
"Técnico/a en Mantenimiento (Playa del Carmen, Quintana Roo, Cancún)",Diana,"Playa del Carmen, Quintana Roo","Zona comercial, Playa del Carmen, Quintana Roo","$24,000.00",4/9/2025 12:31pm,"Puesto:  Técnico/a en Mantenimiento (Automotriz)  

Actividades Principales:  
Realizar mantenimiento y reparación básica de vehículos en taller, asegurar el cumplimiento de hábitos de seguridad y orden, y colaborar en la ruta de crecimiento hacia el puesto de Asesor/a de Servicio.  

Educación + Experiencia:  
- Escolaridad mínima secundaria (técnica/universitaria no obligatoria)  
- Experiencia práctica en talleres (no necesariamente de agencia)  

Conocimientos Técnicos:  
- Mantenimiento automotriz  
- Reparación básica de vehículos  
- Hábitos de seguridad y orden  

Condiciones de Trabajo:  
- Salario: $24,000 brutos mensuales  
- Prestaciones de ley: Aguinaldo, vacaciones, prima vacacional y seguridad social  
- Frecuencia de pago: Quincenal.
- Horario: L-V 8:00 a 17:00  
- Modalidad: Presencial  
- Ubicación:  Zona centro Playa del Carmen, Quintana Roo  ",https://airtable.com/appDTu9Yg5BWAqkxY/shrnPgUF4v5IB8T0D?prefill_Vacantes%20Disponibles=T%C3%A9cnico%2Fa%20en%20Mantenimiento%20%28Playa%20del%20Carmen%2C%20Quintana%20Roo%2C%20Canc%C3%BAn%29&hide_Vacantes%20Disponibles=true
"Gerente General Agencia Automotriz (Cancún, Quintana Roo)",Geidy,"Cancún, Quintana Roo","Cancún, Quintana Roo","$70,000.00",4/9/2025 12:51pm,"Actividades Principales:
Elaborar la estrategia comercial de ventas, implementar y analizar los resultados de las acciones comerciales locales, dar seguimiento diario a la cifra de negocio, establecer un plan de acción para elevar la venta y alcanzar los objetivos propuestos en el plan de negocios. 

Educación + Experiencia:
- Licenciatura en área Administrativa o equivalente (titulado)  
- 3 años de experiencia en puesto similar en el ramo automotriz

Conocimientos Técnicos:
- Técnicas de venta y mercadotecnia  
- Manejo de CRM  
- Dominio de sistemas Office

Condiciones de Trabajo:
- Ingresos: $80,000 brutos (incluye sueldo base + comisiones)
- Prestaciones de ley: Aguinaldo, vacaciones, prima vacacional 25%, IMSS/Infonavit.
- Frecuencia de pago quincenal
- Horario: L-V 9:00 a 7:00 pm con 2 horas de comida, Sábados de 9 am a 3 pm 
- Modalidad: Presencial zona comercial en Cancún, Quintana Roo.",https://airtable.com/appDTu9Yg5BWAqkxY/shrnPgUF4v5IB8T0D?prefill_Vacantes%20Disponibles=Gerente%20General%20Agencia%20Automotriz%20%28Canc%C3%BAn%2C%20Quintana%20Roo%29&hide_Vacantes%20Disponibles=true
"Administrativo de ventas (Mérida, Yucatán)",Karol,"Mérida, Yucatán",Merida Yucatan,"$13,864.00",9/9/2025 1:10pm,"Actividades Principales:
El Administrativo de Ventas será responsable de la facturación de unidades, reporte de inventario, traslados, seguimiento y acomodo de unidades en piso.

Educación + Experiencia:
- Estudios mínimos de licenciatura administrativa, industrial.
- 1 a 2 años de experiencia en puestos similares como analista o auxiliar administrativo.

Conocimientos:
- Manejo de procesos de facturación.
- Reporte de inventario.
- Seguimiento de unidades.
- Conocimientos básicos de acomodo de inventario.
- Excel básico.

Condiciones de trabajo:
- Sueldo $8,364 brutos más bono de 5,500 mensual
- Prestaciones de ley: aguinaldo, vacaciones, prima vacacional y seguridad social.
- Periodo de pago quincenal
- Horario de trabajo es de lunes de 9:00 am a 7:00 pm. don 2 horas para alimentos. Sábado  de 9:00 am a 3:00 pm. 
- Lugar de trabajo: Colonia 27, Mérida, Yucatán.",https://airtable.com/appDTu9Yg5BWAqkxY/shrnPgUF4v5IB8T0D?prefill_Vacantes%20Disponibles=Administrativo%20de%20ventas%20%28M%C3%A9rida%2C%20Yucat%C3%A1n%29&hide_Vacantes%20Disponibles=true
"Técnico Mecánico Automotriz (Mérida, Yucatán)",Carlos,"Mérida, Yucatán",Colonia 27,"$15,000.00",10/9/2025 4:24pm,"Actividades Principales:
Realizar diagnósticos, mantenimiento y reparación de vehículos, especialmente en motores a gasolina. Asegurar el correcto funcionamiento de los vehículos a través de revisiones periódicas y reparaciones detalladas. Mantener el orden y la limpieza en el área de trabajo.

Educación + Experiencia:
- Estudios técnicos o profesionales en mecánica automotriz. 
- Mínimo 1 año de experiencia en roles similares.

Conocimientos:
- Motores a gasolina y mantenimiento general de vehículos. 
- Manejo de  herramientas de mecánica de manera eficiente.
- Procedimientos de seguridad y mantener un espacio de trabajo organizado y limpio.

Condiciones de Trabajo:
- Sueldo mensual de $9,995 pesos
- Bonos de hasta $9,000 pesos mensuales por servicios.
- Prestaciones de ley incluidas: aguinaldo, vacaciones, prima vacacional y seguridad social. 
- Horario de trabajo de lunes a sábado de 9:00 am a 7:00 pm. 
- El lugar de trabajo: Colonia 27, Mérida, Yucatán.
",https://airtable.com/appDTu9Yg5BWAqkxY/shrnPgUF4v5IB8T0D?prefill_Vacantes%20Disponibles=T%C3%A9cnico%20Mec%C3%A1nico%20Automotriz%20%28M%C3%A9rida%2C%20Yucat%C3%A1n%29&hide_Vacantes%20Disponibles=true
Técnico Mecánico (Veracruz),Karol,Ciudad de Veracruz,"Centro de Salina Cruz, Oaxaca","$8,364.00",10/9/2025 4:30pm,"Actividades Principales:
Realizar diagnósticos, mantenimiento y reparación de vehículos, especialmente en motores a gasolina. Asegurar el correcto funcionamiento de los vehículos a través de revisiones periódicas y reparaciones detalladas. Mantener el orden y la limpieza en el área de trabajo.

Educación + Experiencia:
Estudios técnicos o profesionales en mecánica automotriz. 
Mínimo 1 año de experiencia en roles similares.

Conocimientos:
- Motores a gasolina y mantenimiento general de vehículos. 
- Manejo de  herramientas de mecánica de manera eficiente.
- Procedimientos de seguridad y mantener un espacio de trabajo organizado y limpio.

Condiciones de Trabajo:
- Sueldo mensual de $9,965.10 pesos
- Bonos de hasta $6,102.60 pesos mensuales por servicios.
- Prestaciones de ley incluidas: aguinaldo, vacaciones, prima vacacional y seguridad social. 
- Pagos quincenales.
- Horario de trabajo de lunes a sábado de 9:00 am a 7:00 pm. 
- El lugar de trabajo es en el centro deVeracruz.",https://airtable.com/appDTu9Yg5BWAqkxY/shrnPgUF4v5IB8T0D?prefill_Vacantes%20Disponibles=T%C3%A9cnico%20Mec%C3%A1nico%20%28Veracruz%29&hide_Vacantes%20Disponibles=true
Asesor Valuador de Hojalatería y Pintura (Veracruz),Diana,Ciudad de Veracruz,Ciudad de Veracruz,"$15,000.00",10/9/2025 4:45pm,"Actividades Principales:
Asesorar al cliente en temas de hojalatería y pintura. Realizar valuaciones de vehiculos. Brindar un servicio al cliente empático y de calidad.

Educación + Experiencia:
- Mínimo preparatoria.
- 2 años de experiencia en agencias en puesto similar.

Conocimientos
- Mecánica básica (deseable).
- Experiencia en servicio al cliente y conocimientos de valuación.

Condiciones de trabajo:
- Sueldo mensual de $8,364 pesos.
- Bonos y comisiones de hasta $7,136 pesos adicionales.
- Prestaciones de ley; aguinaldo, vacaciones, prima vacacional y seguridad social.
- Horario de trabajo de lunes a viernes de 9:00 am a 7:00 pm. Sábados de 9:00 am a 3:00 pm.
- Lugar de trabajo: Ciudad de Veracruz",https://airtable.com/appDTu9Yg5BWAqkxY/shrnPgUF4v5IB8T0D?prefill_Vacantes%20Disponibles=Asesor%20Valuador%20de%20Hojalater%C3%ADa%20y%20Pintura%20%28Veracruz%29&hide_Vacantes%20Disponibles=true
Gerente de Administración (Oaxaca),Geidy,Oaxaca de Juárez,Colonia reforma ciudad de Oaxaca de Juárez,"$25,000.00",11/9/2025 12:50pm,"Actividades Principales:
Coordinación financiera y administrativa de programas y proyectos. Administración de recursos materiales y económicos. Control y seguimiento de procesos administrativos y financieros.  (ONG).

Educación + Experiencia:
- Escolaridad: C.P., Auditor, preferentemente con maestría MBA. 
- 4 años de experiencia a nivel gerencial (Tesoreria, contabilidad, administración general) - Asociaciones Civiles y donatarias autorizadas. (Presentar estados financieros). implementaciones de sistemas contables

Conocimientos:
- Software: Contpaqi, Solidus, Office avanzado, plataformas digitales.
- Inglés (Conversacional)
- Habilidades de liderazgo
- Administración de proyectos
- Manejo de vehículo 

Condiciones de trabajo:
- Sueldo Mensual $25,000 Nominales
- Prestaciones de ley; aguinaldo, vacaciones y prima vacacional
- Horario de trabajo: L-V de 9am a 5pm
- Lugar del centro de trabajo: Colonia reforma en la ciudad de Oaxaca.
",https://airtable.com/appDTu9Yg5BWAqkxY/shrnPgUF4v5IB8T0D?prefill_Vacantes%20Disponibles=Gerente%20de%20Administraci%C3%B3n%20%28Oaxaca%29&hide_Vacantes%20Disponibles=true